 , ,Wall-clock time to result, , Time in search, , Time in propagation phase, , Time in observation phase
Strategy, Degree of Parallelism, Mean (ms), Stdev (ms), Mean (ms), Stdev (ms), Mean (ms), Stdev (ms), Mean (ms), Stdev (ms)
parallel-propagate, 1, 8850.7247, 5914.90925082561, 8725.14953333333, 5817.23596655357, 4016.25813333333, 2479.88129736035, 4131.51276666667, 3167.7721743422
parallel-main, 1, 8538.2755, 5417.94286209873, 8439.13906666667, 5360.33328674429, 3825.11746666667, 2222.9844434921, 4058.27163333333, 3019.86532820892
sequential-main, 1, 8981.68113333333, 5662.8837368788, 8886.10193333333, 5610.59149404711, 4085.92743333333, 2385.60709310027, 4220.04253333333, 3106.56951395788
