 , , ,Wall-clock time to result, , Time in search, , , Time in propagation phase, , , Time in observation phase
Strategy, Degree of Parallelism, Number of Trials, Mean (ms), Stdev (ms), Mean (ms), Time per Thread (ms), Stdev (ms),  Mean (ms), Time per Thread (ms), Stdev (ms), Mean (ms), Time per Thread (ms), Stdev (ms)
sequential-main, 1, 10, 9110.69878484848, 3777.03712143327, 9013.55869090909, , 3741.39209515011, 4130.60292424242, , 1594.59268612811, 4313.46125454545, , 2199.51830809479
parallel-main, 1, 10, 9107.74683939394, 3837.83695347508, 9008.63036363636, 9008.63036363636, 3800.42692353269, 4127.14803939394, 4127.14803939394, 1622.5041830317, 4312.79183636364, 4312.79183636364, 2215.49596046249
parallel-main, 2, 10, 8394.53183333333, 3742.57339935614, 16576.0062090909, 8288.00310454545, 7415.11013916307, 7547.45666363636, 3773.72833181818, 3035.01248180859, 7853.05312727273, 3926.52656363636, 4344.6327960912
parallel-main, 4, 10, 8682.82796969697, 3887.94749127837, 34147.7310727273, 8536.93276818182, 15379.5333325431, 15639.3267363636, 3909.83168409091, 6501.82065979745, 15840.5673424242, 3960.14183560606, 8800.46877755855
parallel-main, 8, 10, 11484.2135484848, 5689.44476726808, 89930.6493030303, 11241.3311628788, 44982.7393160797, 40013.9936818182, 5001.74921022727, 17750.0793374075, 42357.2036484849, 5294.65045606061, 26612.7599854695
parallel-propagate, 1, 10, 9042.20495454545, 3732.71386523055, 8947.1322969697, , 3698.75355291265, 4118.4665030303, , 1564.12366219489, 4271.20240909091, , 2180.21915229239
parallel-propagate, 2, 10, 8733.82814242424, 4094.31646386984, 8639.76412727273, , 4062.83572304599, 3788.90021818182, , 1661.8977777508, 4507.43646969697, , 2465.28357146762
parallel-propagate, 4, 10, 8110.74758787879, 3450.92179104998, 8018.38563939394, , 3417.88998018148, 3439.27563333333, , 1317.52964378294, 4371.89868181818, , 2171.30255456055
parallel-propagate, 8, 10, 8859.85955757576, 3222.43295693183, 8767.48112121212, , 3196.53177295503, 3612.60407575758, , 1389.57285287059, 4958.26423939394, , 1968.88757054652
