Run Number, Run Name, Image Name, Scale Factor, Base Seed, Replicate Seed, Max Degree of Parallelism, Number of Workers, Number of Tries, Number of Trials, Screenshot Number, Observation Time, Propagate Time, Search Time
0, parallel-propagate, Skyline, 1, 1000, 325467165, 1, 2, 10, 1, 0, 00:00:07.3205248, 00:00:05.7505970, 00:00:13.9696838
0, parallel-propagate, Flowers, 1, 1000, 325467165, 1, 2, 10, 1, 0, 00:00:01.9156972, 00:00:03.5189736, 00:00:05.9425482
0, parallel-propagate, Platformer, 1, 1000, 325467165, 1, 2, 10, 1, 0, 00:00:03.0754412, 00:00:02.3575620, 00:00:05.8335389
0, parallel-main, Skyline, 1, 1000, 325467165, 1, 8, 10, 1, 0, 00:01:34.5490249, 00:01:08.6921096, 00:02:52.7412001
0, parallel-main, Flowers, 1, 1000, 325467165, 1, 8, 10, 1, 0, 00:00:35.1813496, 00:00:47.5384866, 00:01:29.8985030
0, parallel-main, Platformer, 1, 1000, 325467165, 1, 8, 10, 1, 0, 00:00:44.5027990, 00:00:31.1512980, 00:01:21.2996271
