 , , , , Wall-clock time to result, , Time in search, , , Time in propagation phase, , , Time in observation phase
Strategy, Degree of Parallelism, Number of Trials, Mean CPU Usage(%), Mean (ms), Stdev (ms), Mean (ms), Time per Thread (ms), Stdev (ms),  Mean (ms), Time per Thread (ms), Stdev (ms), Mean (ms), Time per Thread (ms), Stdev (ms)
sequential-main, 1, 50, 0, 9827.07778954248, 7897.28688881916, 9733.90012941177, , 7887.42205386601, 4615.55725947712, , 4522.88257468061, 4459.85854836601, , 3018.60568871777
parallel-main, 1, 50, 0, 9801.12892745098, 7774.99740655035, 9705.33357908497, 9705.33357908497, 7764.33981595145, 4588.72011960784, 4588.72011960784, 4413.19799169744, 4464.03420261438, 4464.03420261438, 3024.05971787795
parallel-main, 2, 50, 0, 12503.875330719, 12378.4238995386, 20233.3875052288, 10116.6937526144, 13552.7418153587, 9556.03350653595, 4778.01675326797, 7418.45626816785, 9318.33411830065, 4659.16705915033, 5682.71975229934
parallel-main, 4, 50, 0, 16635.1105607843, 15810.6488111289, 45437.1631843137, 11359.2907960784, 22208.3701404995, 21149.9714052288, 5287.49285130719, 11905.4287207365, 21268.8675392157, 5317.21688480392, 10118.8462754133
parallel-main, 8, 50, 0, 24313.082851634, 18577.3278117282, 119409.552986928, 14926.194123366, 45074.0728706763, 54089.9984856209, 6761.24981070261, 21366.9962123286, 57113.2964385621, 7139.16205482026, 25139.876186132
parallel-propagate, 1, 50, 0, 9799.7929124183, 7727.64784929544, 9706.4292, , 7718.48474734374, 4615.88159215686, , 4379.50408395336, 4444.08441960784, , 3015.9535671918
parallel-propagate, 2, 50, 0, 9995.55417189543, 9646.05515354186, 9902.95184379085, , 9633.93220808696, 4410.25318431373, , 4284.88354033388, 5112.0659254902, , 5269.30826299094
parallel-propagate, 4, 50, 0, 9189.35703464052, 7498.82225627814, 9096.76280980392, , 7485.57890800015, 3993.68456928105, , 3370.42162519163, 4876.29775490196, , 4179.95358458106
parallel-propagate, 8, 50, 0, 9253.29191503268, 10211.9534219337, 9160.56384705882, , 10198.7958717691, 3846.96912287582, , 4136.71844952324, 5095.28674836601, , 5985.37644244821
