 , ,Wall-clock time to result, , Time in search, , , Time in propagation phase, , Time in observation phase
Strategy, Degree of Parallelism, Mean (ms), Stdev (ms), Mean (ms), Stdev (ms), Time per Thread (ms), Mean (ms), Stdev (ms), Mean (ms), Stdev (ms)
parallel-propagate, 2, 8694.31596666667, 5746.95578169079, 8581.92363333333, 5670.01190680252, , 3875.71086666667, 2320.15541141146, 4103.88773333333, 3137.74322497242
parallel-main, 8, 16476.0223, 9346.8458094644, 114646.4434, 68326.7881860542, 14330.805425, 49127.2980666667, 27678.0668275356, 58077.7245, 38601.4993507138
